{
  "timestamp": "2026-01-30T21:55:51.189097",
  "cpu": {
    "cores_physical": 16,
    "cores_logical": 32,
    "percent_total": 0.7,
    "percent_per_core": [
      0.0,
      0.0,
      0.0,
      0.0,
      0.0,
      27.3,
      9.1,
      0.0,
      0.0,
      0.0,
      0.0,
      0.0,
      0.0,
      10.0,
      0.0,
      0.0,
      0.0,
      9.1,
      0.0,
      9.1,
      0.0,
      10.0,
      0.0,
      0.0,
      0.0,
      0.0,
      0.0,
      0.0,
      0.0,
      0.0,
      0.0,
      0.0
    ],
    "freq_mhz": 3505.5135625
  },
  "memory": {
    "total_gb": 60.47,
    "available_gb": 30.07,
    "used_gb": 30.4,
    "percent": 50.3
  },
  "gpu": {
    "name": "NVIDIA GeForce RTX 5090",
    "memory_total_mb": 32607,
    "memory_free_mb": 31717,
    "memory_used_mb": 395,
    "utilization_percent": 1,
    "temperature_c": 42,
    "power_draw_w": 14.53,
    "power_limit_w": 600.0
  }
}